<?xml version="1.0" encoding="UTF-8" ?>
<!DOCTYPE struts PUBLIC
	"-//Apache Software Foundation//DTD Struts Configuration 2.3//EN"
	"http://struts.apache.org/dtds/struts-2.3.dtd">

<struts>

    <package name="default" namespace="/" extends="struts-default">
	    <action name="login" class="com.hbboys.app.action.LoginAction" method="login">
	    		<result name="success" >index.jsp</result>
	    		<result name="fail">login.jsp</result>
	    </action>
	    <action name="good_*" class="com.hbboys.app.action.GoodAction" method="{1}">
	    		<result name="success">goods_manage_success.jsp</result>
	    		<result name="fail">login.jsp</result>
	    		<result name="book_search" type="redirectAction">book_search</result>
	    		<result name="findById">update.jsp</result>
	    </action>	    
	    <action name="goodsearch" class="goodAction" method="search">
	    		<result name="success">goods_manage.jsp</result>
	    		<result name="fail">login.jsp</result>
	    		<result name="book_search" type="redirectAction">book_search</result>
	    		<result name="findById">update.jsp</result>
	    </action>	
	    	
    </package>

</struts>